	0	1	genome_id
0	7.029901	44.44113	AATOXX010000005.1
1	-49.21097	7.36491	LK391695.1
2	2.1462717	-18.044683	LK391695.1
3	-47.208195	3.2624042	LK391695.1
4	-35.844727	-8.099119	LK391695.1
5	-50.194668	1.7378829	LK391695.1
6	46.513405	-18.816628	DADFWQ010000018.1
7	-72.626205	-1.1453271	LK391695.1
8	32.500465	-8.49776	DADFWQ010000006.1
9	34.181393	-6.180725	DADFWQ010000043.1
10	-19.657223	-2.2724407	LK391695.1
11	66.00721	-6.748648	DADFWQ010000001.1
12	41.476513	-8.526832	DADFWQ010000027.1
13	-45.409	-0.4977568	LK391695.1
14	37.92863	-14.982243	DADFWQ010000003.1
15	6.759748	41.510868	AATOXX010000012.1
16	-56.293728	-11.332619	LK391695.1
17	-56.686836	5.2855077	LK391695.1
18	19.739029	-15.543352	DADFWQ010000008.1
19	-58.9844	-3.769238	LK391695.1
20	-36.15674	-8.569479	LK391695.1
21	11.748608	-4.5150237	DADFWQ010000015.1
22	58.031433	-6.571462	DADFWQ010000005.1
23	23.116732	5.3479567	DADFWQ010000011.1
24	4.51413	41.816307	AATOXX010000001.1
25	79.02926	3.3056157	JACSNU010000138.1
26	35.24362	-12.589717	DADFWQ010000019.1
27	45.020897	-7.3306503	DADFWQ010000003.1
28	40.0779	-24.003695	DADFWQ010000015.1
29	47.42873	-27.655556	DADFWQ010000007.1
30	33.99779	-6.821789	DADFWQ010000005.1
31	48.16846	-10.212753	DADFWQ010000004.1
32	11.978696	23.002962	AATOYI010000090.1
33	-4.5433407	-0.38607112	LK391695.1
34	2.2875688	41.32897	AATOXX010000032.1
35	19.361158	-12.38049	AATOYI010000055.1
36	-64.79192	-0.075087525	LK391695.1
37	26.636213	-2.0461173	DADFWQ010000019.1
38	-30.233845	-9.400369	LK391695.1
39	-46.295815	-5.023372	LK391695.1
40	59.167408	-6.61458	DADFWQ010000002.1
41	62.19522	-8.979867	DADFWQ010000016.1
42	-27.311758	-5.0823317	LK391695.1
43	9.753732	31.32469	AATOXX010000003.1
44	-3.1692321	55.519882	AATOXX010000001.1
45	20.5854	8.298759	DADFWQ010000003.1
46	-25.787174	-12.479038	LK391695.1
47	1.1676248	32.992306	DADFWQ010000020.1
48	-23.642342	2.9887192	LK391695.1
49	9.624369	29.555471	AATOXX010000034.1
50	60.36924	-9.398962	DADFWQ010000044.1
51	-3.5443413	58.301105	AATOXX010000012.1
52	-56.145763	2.3911772	LK391695.1
53	41.39822	-22.366768	DADFWQ010000002.1
54	-0.8003941	-7.5070343	LK391695.1
55	-48.454433	-10.008996	LK391695.1
56	-43.892937	-6.9379835	LK391695.1
57	-18.45652	-13.544118	LK391695.1
58	-1.9777492	52.931477	AATOXX010000001.1
59	79.13771	1.2392757	JACSNU010000023.1
60	-28.193949	3.8090506	LK391695.1
61	54.227867	-12.564721	DADFWQ010000059.1
62	-35.78473	-2.261592	LK391695.1
63	49.815834	-3.7043338	DADFWQ010000016.1
64	19.853817	-13.683388	DADFWQ010000012.1
65	78.34039	2.415079	JACSNU010000063.1
66	42.331074	-27.29271	DADFWQ010000029.1
67	20.33578	-15.522153	DADFWQ010000002.1
68	-22.422573	-11.74226	LK391695.1
69	7.7483573	40.724773	AATOXX010000001.1
70	14.218039	1.7395517	DADFWQ010000026.1
71	-3.946243	-9.043187	LK391695.1
72	6.1953454	38.14095	AATOXX010000002.1
73	59.83862	-5.9204783	DADFWQ010000010.1
74	63.878216	-9.635437	FR891561.1
75	-3.919171	31.399994	AATOXX010000007.1
76	-63.71754	0.085881256	LK391695.1
77	-49.743855	5.5684533	LK391695.1
78	63.445686	-7.894769	DADFWQ010000058.1
79	48.542843	-10.279735	DADFWQ010000009.1
80	-2.2233546	55.12739	AATOXX010000014.1
81	66.34729	-10.045137	FR891655.1
82	17.676844	3.3551233	DADFWQ010000025.1
83	19.631924	-7.0668793	DADFWQ010000004.1
84	50.678265	-5.125155	DADFWQ010000010.1
85	-19.390783	-3.207534	LK391695.1
86	4.456493	30.542027	AATOXX010000003.1
87	54.189888	-9.789781	DADFWQ010000004.1
88	27.944519	-15.239647	DADFWQ010000002.1
89	-4.155655	33.91336	AATOXX010000003.1
90	-66.42838	-0.74127066	LK391695.1
91	39.020702	-25.535597	DADFWQ010000005.1
92	-63.500114	-5.2113028	LK391695.1
93	-18.373755	-8.30912	LK391695.1
94	-54.873024	10.182283	LK391695.1
95	59.181034	-8.32625	DADFWQ010000031.1
96	-48.558716	3.8453803	LK391695.1
97	33.189365	-5.4569287	DADFWQ010000030.1
98	-61.186073	4.436305	LK391695.1
99	67.913475	-8.561629	DADFWQ010000042.1
100	31.018862	-16.801077	DADFWQ010000018.1
101	1.6152037	54.531715	AATOXX010000026.1
102	3.0757158	44.053307	AATOXX010000010.1
103	10.171899	22.462559	AATOXX010000001.1
104	-6.1571345	59.22342	AATOXX010000001.1
105	32.99784	-16.344316	DADFWQ010000004.1
106	46.92447	-4.705201	DADFWQ010000001.1
107	-4.3202863	-16.809635	LK391695.1
108	54.3125	-0.5536352	AATOXX010000001.1
109	-39.06338	-5.2706137	LK391695.1
110	-37.076	-0.70254016	LK391695.1
111	17.39151	-12.313555	DADFWQ010000075.1
112	53.810528	-21.670218	DADFWQ010000087.1
113	24.188297	-7.2470617	DADFWQ010000003.1
114	27.967197	-13.885832	DADFWQ010000004.1
115	36.483795	-16.632534	DADFWQ010000014.1
116	76.047485	1.6204648	DADFWQ010000030.1
117	1.1622778	49.22949	AATOXX010000001.1
118	4.8996277	44.469067	AATOXX010000003.1
119	0.16365835	56.700684	AATOXX010000027.1
120	-5.2759542	41.086807	AATOXX010000001.1
121	50.30754	-30.605753	DADFWQ010000009.1
122	3.3218036	38.622734	AATOXX010000016.1
123	-35.245876	-9.450285	LK391695.1
124	-71.81182	0.29270434	LK391695.1
125	8.780487	26.412191	AATOXX010000005.1
126	-65.86306	12.13101	LK391695.1
127	-5.782336	36.056984	AATOXX010000025.1
128	6.6478405	34.43964	AATOXX010000019.1
129	-60.610954	0.43223014	LK391695.1
130	33.9199	-19.041418	DADFWQ010000052.1
131	-43.11674	-7.788663	LK391695.1
132	27.025286	-6.248342	DADFWQ010000009.1
133	-4.058516	-16.326763	LK391695.1
134	-2.1733773	37.855503	AATOXX010000006.1
135	18.602182	-13.37885	DADFWQ010000012.1
136	9.979263	19.344011	AATOXX010000001.1
137	38.48088	-24.077087	DADFWQ010000004.1
138	-28.146475	-1.2504605	LK391695.1
139	24.81354	-14.316164	DADFWQ010000033.1
140	38.78032	-15.347279	DADFWQ010000010.1
141	-5.1135	39.61679	AATOXX010000001.1
142	2.2609272	56.884083	AATOXX010000024.1
143	-2.1081245	51.401543	AATOXX010000001.1
144	-39.08331	-3.5322535	LK391695.1
145	-4.060462	-2.7474709	LK391695.1
146	3.3880272	51.69728	AATOXX010000030.1
147	-64.58501	11.025649	LK391695.1
148	53.144886	-11.941255	AATOYI010000034.1
149	32.505867	-8.299622	DADFWQ010000011.1
150	53.637516	-21.628962	AATOXX010000040.1
151	5.4184766	47.345806	AATOXX010000004.1
152	-3.4856853	29.944824	AATOXX010000022.1
153	-71.92258	1.912263	LK391695.1
154	13.160968	15.191979	DADFWQ010000026.1
155	-36.61724	-9.564669	LK391695.1
156	-27.59875	2.2084117	LK391695.1
157	36.81999	-24.414005	AATOYI010000008.1
158	-35.889675	-0.53970027	LK391695.1
159	2.8119407	45.637173	AATOXX010000002.1
160	55.220768	-16.020988	DADFWQ010000003.1
161	-27.507206	-8.9497385	LK391695.1
162	-72.22684	0.5275353	LK391695.1
163	-44.559788	-2.0388126	LK391695.1
164	55.658726	-8.887008	DADFWQ010000001.1
165	14.368684	20.78824	DADFWQ010000004.1
166	33.4133	-6.875554	DADFWQ010000011.1
167	62.498272	-8.365875	DADFWQ010000020.1
168	3.2089515	33.017853	AATOXX010000003.1
169	33.308273	-24.079391	DADFWQ010000033.1
170	1.6969688	53.459892	AATOXX010000014.1
171	6.206673	45.10596	AATOXX010000009.1
172	-61.3259	3.2864408	LK391695.1
173	-0.18377188	41.91109	AATOXX010000005.1
174	44.551693	-16.559052	DADFWQ010000044.1
175	-5.489833	22.266897	LK391695.1
176	-64.76389	10.363977	LK391695.1
177	14.841283	22.595184	DADFWQ010000013.1
178	-10.4172325	-1.7379156	LK391695.1
179	-60.494995	2.8661406	LK391695.1
180	-60.392532	10.703165	LK391695.1
181	76.26237	0.7209785	JACSNU010000009.1
182	2.3219118	49.421764	AATOXX010000017.1
183	-3.4106324	29.644218	AATOXX010000002.1
184	-64.29561	-3.7820375	LK391695.1
185	-7.8571362	-5.950754	LK391695.1
186	10.937664	22.42723	DADFWQ010000007.1
187	-6.080154	38.84467	AATOXX010000016.1
188	-55.595203	9.756982	LK391695.1
189	26.04353	0.7429058	DADFWQ010000001.1
190	18.717703	-9.658154	AATOYI010000004.1
191	12.496771	0.47879645	DADFWQ010000014.1
192	-36.324413	-7.713142	LK391695.1
193	11.316852	30.111744	AATOXX010000049.1
194	5.3461566	45.945812	AATOXX010000031.1
195	42.358654	-17.673723	AATOYI010000095.1
196	-50.579468	-3.2493386	LK391695.1
197	18.781078	10.165222	DADFWQ010000004.1
198	-65.92245	-5.5717807	LK391695.1
199	22.570013	-6.6914434	DADFWQ010000014.1
200	50.637363	-14.205583	DADFWQ010000002.1
201	48.425415	-3.1709442	DADFWQ010000021.1
202	-25.149225	-9.994741	LK391695.1
203	-7.627685	-2.4744775	LK391695.1
204	40.425705	-27.174807	DADFWQ010000024.1
205	0.9851792	2.8381822	LK391695.1
206	21.744673	-13.818268	AATOYI010000018.1
207	0.690233	-11.225686	LK391695.1
208	0.45842263	-15.285402	LK391695.1
209	28.212173	-12.15243	DADFWQ010000014.1
210	-24.472193	-14.152893	LK391695.1
211	22.904308	3.8306835	DADFWQ010000014.1
212	16.83541	17.751017	DADFWQ010000005.1
213	-3.4697406	57.13524	AATOXX010000010.1
214	46.067177	-20.242487	DADFWQ010000019.1
215	44.542645	-17.804176	DADFWQ010000010.1
216	-48.93392	6.4965057	LK391695.1
217	-23.38567	3.389479	LK391695.1
218	26.85009	-7.404322	DADFWQ010000010.1
219	0.105014406	1.9350566	LK391695.1
220	-10.190889	0.913885	LK391695.1
221	-60.8866	-6.8378496	LK391695.1
222	-52.202633	-11.700734	LK391695.1
223	-58.416527	8.827884	LK391695.1
224	36.403854	-27.071005	DADFWQ010000001.1
225	-65.35232	4.71949	LK391695.1
226	-47.98006	-0.6950317	LK391695.1
227	14.120745	1.7250613	DADFWQ010000030.1
228	13.093983	-4.293603	DADFWQ010000015.1
229	54.94556	-7.4810557	DADFWQ010000027.1
230	23.131931	9.472056	DADFWQ010000002.1
231	-3.1171823	40.181427	AATOXX010000001.1
232	31.822674	-12.073278	DADFWQ010000014.1
233	21.711554	9.845372	DADFWQ010000008.1
234	37.48538	-21.057638	DADFWQ010000009.1
235	-12.20413	-3.5143254	LK391695.1
236	17.130287	13.764557	DADFWQ010000005.1
237	42.122437	-9.602135	DADFWQ010000014.1
238	53.42542	-2.4100988	DADFWQ010000031.1
239	4.821509	40.79564	AATOXX010000003.1
240	-5.666394	54.40999	AATOXX010000005.1
241	-68.74386	3.499248	LK391695.1
242	65.45492	-7.6134877	DADFWQ010000034.1
243	45.958054	-19.177942	DADFWQ010000044.1
244	23.493973	-8.201909	DADFWQ010000029.1
245	44.442516	-4.710472	AATOYI010000026.1
246	48.16272	-28.961054	DADFWQ010000016.1
247	-54.67528	8.666797	LK391695.1
248	77.554985	2.0111866	JACSNU010000109.1
249	36.48983	-20.690958	DADFWQ010000013.1
250	17.61312	3.02861	DADFWQ010000007.1
251	4.000933	50.05459	AATOXX010000001.1
252	12.874844	16.01059	AATOXX010000002.1
253	38.68267	-13.809874	DADFWQ010000006.1
254	-55.24875	10.748276	LK391695.1
255	-0.7049799	-15.478127	LK391695.1
256	47.820244	-20.111454	AATOYI010000019.1
257	-27.023874	-11.672047	LK391695.1
258	2.8178227	-8.966228	LK391695.1
259	-1.1904813	-5.9394927	LK391695.1
260	-9.008685	-5.777852	LK391695.1
261	-42.92855	-9.347203	LK391695.1
262	59.93764	-10.458006	DADFWQ010000001.1
263	-36.781494	-5.269274	LK391695.1
264	-4.95364	1.4330193	LK391695.1
265	-1.5521435	56.785954	AATOXX010000001.1
266	19.391884	-11.507945	DADFWQ010000027.1
267	51.09412	-30.388527	DADFWQ010000023.1
268	65.22941	-11.934458	DADFWQ010000001.1
269	-5.79786	52.480938	AATOXX010000035.1
270	-59.384163	6.869236	LK391695.1
271	-31.084627	-15.954321	LK391695.1
272	6.1635427	-13.859704	AATOXX010000001.1
273	3.917607	-15.293192	LK391695.1
274	76.69885	1.1196052	JACSNU010000125.1
275	-7.582125	-1.9752448	LK391695.1
276	-74.77826	-0.7262232	LK391695.1
277	-5.2311482	29.465498	AATOXX010000003.1
278	22.59244	-11.4019	DADFWQ010000017.1
279	38.029003	-24.41403	DADFWQ010000005.1
280	58.67193	-9.450565	DADFWQ010000002.1
281	41.95257	-21.863894	DADFWQ010000019.1
282	-68.380905	10.278373	LK391695.1
283	39.175613	-21.625372	DADFWQ010000038.1
284	-56.03496	11.721709	LK391695.1
285	-19.76397	2.078474	LK391695.1
286	-17.69607	-12.298276	LK391695.1
287	38.34843	-25.067137	AATOYI010000053.1
288	26.058851	-12.00677	DADFWQ010000009.1
289	15.441843	17.160505	AATOYI010000056.1
290	18.210384	9.386361	DADFWQ010000030.1
291	65.66231	-6.6497664	AATOYI010000094.1
292	-69.438995	-5.746918	LK391695.1
293	-54.992	2.670906	LK391695.1
294	-47.15609	-3.5851064	LK391695.1
295	2.8700564	-8.3592	LK391695.1
296	56.94684	-10.308056	DADFWQ010000014.1
297	-8.791834	-3.1559088	LK391695.1
298	25.193268	2.7597477	DADFWQ010000010.1
299	-27.442114	0.6976789	LK391695.1
300	-29.71361	-12.227676	LK391695.1
301	79.84992	1.3786266	JACSNU010000140.1
302	12.088843	14.060799	AATOYI010000105.1
303	-57.177586	-10.871411	LK391695.1
304	-0.8208462	58.987446	AATOXX010000001.1
305	66.63037	-9.331931	FR891655.1
306	-62.439873	-1.6402955	LK391695.1
307	-14.212878	-2.9924438	LK391695.1
308	-63.50089	5.9304085	LK391695.1
309	77.97167	-0.36103097	JACSNU010000002.1
310	-42.910572	4.0200987	LK391695.1
311	19.38388	10.67457	DADFWQ010000016.1
312	46.63534	-21.303566	DADFWQ010000014.1
313	66.27536	-8.284733	FR891679.1
314	-68.315544	3.1932127	LK391695.1
315	24.394829	-6.6292534	AATOYI010000006.1
316	-2.2179627	-16.807789	LK391695.1
317	61.99989	-12.724457	FR891504.1
318	-28.509151	-14.853793	LK391695.1
319	33.683353	-19.466045	DADFWQ010000012.1
320	-72.75865	-0.13007332	LK391695.1
321	3.713046	-8.798995	LK391695.1
322	-46.262875	1.188373	LK391695.1
323	0.73583126	51.519646	AATOXX010000012.1
324	11.35137	31.851437	AATOXX010000048.1
325	-53.030598	-9.785892	LK391695.1
326	31.26474	-16.806808	DADFWQ010000001.1
327	41.32505	-18.500343	AATOYI010000002.1
328	37.115772	-21.984505	DADFWQ010000001.1
329	19.825472	12.893294	DADFWQ010000009.1
330	41.3995	-11.06518	DADFWQ010000033.1
331	76.817665	1.3727065	JACSNU010000014.1
332	-44.768925	-6.672814	LK391695.1
333	22.475325	-17.833673	LK391695.1
334	-7.7256494	41.605614	AATOXX010000050.1
335	-57.237038	-12.749134	LK391695.1
336	-46.15814	-8.396842	LK391695.1
337	20.44683	12.452968	DADFWQ010000002.1
338	-52.99457	-2.3577862	LK391695.1
339	-15.287503	-6.038685	LK391695.1
340	24.621895	6.137691	DADFWQ010000003.1
341	42.73439	-17.581345	DADFWQ010000009.1
342	-25.935297	-1.0012118	LK391695.1
343	20.010393	-14.151347	DADFWQ010000009.1
344	25.61147	-0.17646693	DADFWQ010000013.1
345	-67.25953	-6.608104	LK391695.1
346	-65.59974	-4.7855773	LK391695.1
347	-67.96712	13.022219	LK391695.1
348	19.313622	8.89099	DADFWQ010000013.1
349	63.11431	-7.0875707	AATOYI010000141.1
350	8.676833	16.040733	DADFWQ010000020.1
351	-2.7451792	-7.9812727	LK391695.1
352	30.762768	-11.754482	DADFWQ010000019.1
353	4.7204547	46.965702	AATOXX010000013.1
354	50.666477	-11.762053	DADFWQ010000021.1
355	41.69979	-28.29592	DADFWQ010000003.1
356	-3.8238494	40.47088	AATOXX010000010.1
357	9.886228	30.61667	AATOXX010000004.1
358	-30.762455	-8.508397	LK391695.1
359	59.298702	-11.961741	DADFWQ010000026.1
360	54.37942	-17.117361	DADFWQ010000033.1
361	-24.842743	1.3479586	LK391695.1
362	-68.959	-8.158317	LK391695.1
363	0.7238599	50.948654	AATOXX010000009.1
364	18.630453	18.093807	DADFWQ010000035.1
365	-19.139057	-1.4783554	LK391695.1
366	65.612976	-4.5861435	JACSNU010000007.1
367	-24.888853	-11.652908	LK391695.1
368	-37.02325	-0.5274952	LK391695.1
369	51.42347	-13.91865	DADFWQ010000006.1
370	4.077675	-11.839069	DADFWQ010000076.1
371	19.071281	17.849226	DADFWQ010000007.1
372	-60.23115	-6.913763	LK391695.1
373	-60.593372	-1.8580036	LK391695.1
374	-53.39846	-1.3269515	LK391695.1
375	-3.428295	-4.804091	LK391695.1
376	55.282604	-13.557843	DADFWQ010000018.1
377	31.29058	-10.899832	DADFWQ010000006.1
378	22.041828	-2.3473682	DADFWQ010000019.1
379	2.1817384	30.106327	AATOXX010000002.1
380	51.278393	-27.17	DADFWQ010000068.1
381	14.39004	14.482019	AATOXX010000001.1
382	-46.677364	5.708928	LK391695.1
383	23.17382	-9.085127	DADFWQ010000018.1
384	-7.217377	0.71734595	LK391695.1
385	-66.88548	-5.4942327	LK391695.1
386	-71.094086	-0.763826	LK391695.1
387	-50.119286	-0.11158908	LK391695.1
388	-3.0048351	-16.02033	LK391695.1
389	-65.03654	8.532277	LK391695.1
390	42.40966	-19.810987	DADFWQ010000028.1
391	-17.025156	-0.8859298	LK391695.1
392	-18.32101	-8.957494	LK391695.1
393	-37.078575	-7.7001715	LK391695.1
394	4.073608	45.907402	AATOXX010000004.1
395	59.858356	-10.471377	DADFWQ010000016.1
396	51.060013	-31.481218	DADFWQ010000001.1
397	-45.863224	4.1161757	LK391695.1
398	48.589622	-20.384836	DADFWQ010000039.1
399	7.71577	49.035877	AATOXX010000033.1
400	-29.52995	-6.9956527	LK391695.1
401	10.34111	28.36889	AATOXX010000002.1
402	2.1785634	42.162296	AATOXX010000019.1
403	-51.342342	-11.479744	LK391695.1
404	53.180855	-3.0413399	AATOYI010000091.1
405	-70.48401	-5.0369377	LK391695.1
406	65.93691	-11.219704	FR891560.1
407	-57.966003	7.4913087	LK391695.1
408	-49.222706	5.7923803	LK391695.1
409	36.523037	-17.479023	DADFWQ010000022.1
410	36.54029	-21.447138	DADFWQ010000015.1
411	-18.218712	-0.20405328	LK391695.1
412	-65.51462	12.739778	LK391695.1
413	26.69589	-14.023216	DADFWQ010000043.1
414	21.24921	-2.5021298	AATOYI010000005.1
415	-24.999031	-12.719998	LK391695.1
416	51.945587	-29.521189	DADFWQ010000056.1
417	10.047385	29.88519	AATOXX010000022.1
418	-57.62512	6.449637	LK391695.1
419	42.469433	-15.449445	DADFWQ010000008.1
420	-47.63515	-9.971712	LK391695.1
421	-3.9656794	52.729652	AATOXX010000009.1
422	-44.56077	-1.8595744	LK391695.1
423	20.107965	2.7145824	DADFWQ010000006.1
424	-35.261177	-5.1318426	LK391695.1
425	10.663407	-3.3888772	DADFWQ010000001.1
426	9.372301	35.126698	AATOXX010000030.1
427	7.9906507	16.96283	AATOYI010000119.1
428	18.314396	-7.352498	DADFWQ010000072.1
429	61.208263	-9.491574	DADFWQ010000056.1
430	-51.64561	-9.160787	LK391695.1
431	-28.171902	-8.017928	LK391695.1
432	2.492938	-15.868635	LK391695.1
433	14.182365	17.925726	DADFWQ010000022.1
434	42.433044	-21.820219	DADFWQ010000007.1
435	-2.5384214	49.466583	AATOXX010000021.1
436	-8.142632	-0.8973683	LK391695.1
437	53.18284	-10.734439	AATOYI010000003.1
438	-2.1680784	-13.803512	LK391695.1
439	-3.449926	58.91984	AATOXX010000003.1
440	-25.73689	-7.207837	LK391695.1
441	9.456311	37.935524	AATOXX010000002.1
442	-68.57049	4.441517	LK391695.1
443	-54.25166	-9.257763	LK391695.1
444	-48.461994	-8.001688	LK391695.1
445	43.950558	-9.402781	AATOXX010000014.1
446	35.23498	-23.76429	DADFWQ010000002.1
447	45.034206	-5.90755	DADFWQ010000045.1
448	41.054394	-19.710543	DADFWQ010000006.1
449	8.635137	41.186172	AATOXX010000002.1
450	-30.585659	-12.337606	LK391695.1
451	28.16061	-1.7038281	AATOYI010000037.1
452	2.1232884	39.761417	AATOXX010000014.1
453	13.384501	13.192934	DADFWQ010000042.1
454	78.92436	2.3526125	JACSNU010000004.1
455	61.648254	-7.987949	DADFWQ010000001.1
456	54.20245	-14.024733	AATOYI010000101.1
457	34.11297	-7.738672	DADFWQ010000023.1
458	-46.141876	-8.276291	LK391695.1
459	40.49649	-9.726744	DADFWQ010000004.1
460	19.994356	-5.529114	DADFWQ010000002.1
461	2.5339246	53.2779	AATOXX010000002.1
462	-2.3415356	39.31723	AATOXX010000002.1
463	24.682772	-5.6355357	DADFWQ010000001.1
464	21.725674	13.947957	DADFWQ010000003.1
465	9.708955	22.578415	AATOXX010000011.1
466	-4.323072	8.087259	LK391695.1
467	0.40702736	48.754135	AATOXX010000021.1
468	2.7147622	41.607098	AATOXX010000021.1
469	23.875357	0.659866	DADFWQ010000014.1
470	5.314705	47.472225	AATOXX010000017.1
471	-64.88129	0.74492997	LK391695.1
472	-56.623497	3.6088202	LK391695.1
473	7.5495734	36.84812	AATOXX010000001.1
474	26.521822	-6.7875547	DADFWQ010000002.1
475	66.10631	-5.5819616	AATOXX010000018.1
476	-33.09065	-6.403653	LK391695.1
477	1.856461	-11.903615	LK391695.1
478	7.490702	42.23979	AATOXX010000007.1
479	-4.0788345	36.732277	AATOXX010000011.1
480	22.722261	12.4430485	DADFWQ010000006.1
481	5.4074817	40.040443	AATOXX010000033.1
482	-57.458633	-10.963991	LK391695.1
483	-0.6824486	40.710953	AATOXX010000001.1
484	35.355267	-18.984365	DADFWQ010000012.1
485	-50.690994	-4.2760086	LK391695.1
486	4.422495	50.929466	AATOXX010000004.1
487	1.333942	-10.537099	LK391695.1
488	43.77364	-28.522188	DADFWQ010000035.1
489	-66.89205	4.0987077	LK391695.1
490	2.9494069	-14.144499	LK391695.1
491	-35.843407	-5.0232153	LK391695.1
492	11.961807	23.82765	DADFWQ010000016.1
493	-3.3904219	56.38198	AATOXX010000007.1
494	33.71611	-11.722268	DADFWQ010000019.1
495	33.337677	-21.285154	DADFWQ010000001.1
496	-27.080256	-3.7060468	LK391695.1
497	-6.518119	-7.567528	LK391695.1
498	64.20588	-5.101781	DADFWQ010000047.1
499	3.581693	47.843575	AATOXX010000005.1
500	0.30875483	8.7418995	DADFWQ010000031.1
501	48.16418	-4.5222197	DADFWQ010000012.1
502	-9.506842	1.218476	LK391695.1
503	30.008924	-9.136859	DADFWQ010000008.1
504	21.468637	-1.3163649	DADFWQ010000030.1
505	-25.082489	-12.571424	LK391695.1
506	21.091211	-14.639454	DADFWQ010000040.1
507	4.94803	44.490482	AATOXX010000004.1
508	-73.34535	0.48532328	LK391695.1
509	-18.376503	-4.8241587	LK391695.1
510	-52.0732	-9.915341	LK391695.1
511	28.34693	-7.244033	DADFWQ010000024.1
512	-62.793667	-7.0766044	LK391695.1
513	1.0118529	28.128456	AATOXX010000003.1
514	-61.263897	6.7184863	LK391695.1
515	-42.59508	-4.784533	LK391695.1
516	-63.37994	5.4370575	LK391695.1
517	-25.571157	-3.5071912	LK391695.1
518	-0.70727736	-14.452369	LK391695.1
519	67.11683	-7.8534045	DADFWQ010000053.1
520	42.313908	-16.128836	AATOYI010000003.1
521	43.361916	-4.7070565	DADFWQ010000005.1
522	42.282036	-26.18296	DADFWQ010000008.1
523	20.7315	-15.41009	DADFWQ010000026.1
524	1.5164742	-9.701726	LK391695.1
525	-61.487907	-6.439051	LK391695.1
526	4.075053	48.36881	AATOXX010000022.1
527	44.417027	-8.553584	DADFWQ010000003.1
528	48.112633	-8.943604	DADFWQ010000012.1
529	-50.15925	3.5479395	LK391695.1
530	-3.2014234	-16.48752	LK391695.1
531	-70.7694	0.62176555	LK391695.1
532	-8.012407	-0.30600503	LK391695.1
533	-64.86529	-7.067778	LK391695.1
534	-65.93343	9.491208	LK391695.1
535	-63.152027	-3.4502745	LK391695.1
536	-62.074997	-11.029073	LK391695.1
537	53.644592	-4.040507	DADFWQ010000020.1
538	5.984066	38.56828	AATOXX010000002.1
539	78.29867	0.63338	JACSNU010000028.1
540	0.17500117	50.065315	AATOXX010000004.1
541	-48.69036	-3.5744052	LK391695.1
542	-28.315464	-4.9284563	LK391695.1
543	7.5398226	47.36222	AATOXX010000035.1
544	16.721394	15.574528	DADFWQ010000004.1
545	-1.0777541	49.079865	AATOXX010000003.1
546	-50.66218	-6.17456	LK391695.1
547	7.747791	42.515522	AATOXX010000001.1
548	-52.312683	-1.2491149	LK391695.1
549	33.45729	-14.059623	DADFWQ010000016.1
550	-23.527689	3.324614	LK391695.1
551	46.571228	-26.668617	DADFWQ010000002.1
552	58.975777	-15.318209	DADFWQ010000062.1
553	-67.03454	-7.396594	LK391695.1
554	45.032776	-18.245573	DADFWQ010000010.1
555	-2.3269181	0.93251914	LK391695.1
556	13.600518	15.775599	DADFWQ010000055.1
557	48.400627	-25.88393	DADFWQ010000045.1
558	-64.40401	1.1095171	LK391695.1
559	-4.0151362	7.488776	LK391695.1
560	50.939682	-7.072104	LK391695.1
561	-5.9001718	43.11106	AATOXX010000002.1
562	-28.935404	-12.5574255	LK391695.1
563	20.447783	14.3336525	DADFWQ010000012.1
564	33.230385	-15.094073	DADFWQ010000004.1
565	20.636	-3.4111688	DADFWQ010000008.1
566	49.7655	-29.988806	DADFWQ010000022.1
567	19.753017	-0.7193782	DADFWQ010000004.1
568	1.6620419	-8.987069	LK391695.1
569	-38.500355	-6.904679	LK391695.1
570	-71.94125	0.6415982	LK391695.1
571	-22.065088	-16.12886	LK391695.1
572	50.574516	-14.211441	DADFWQ010000001.1
573	-35.606506	-2.2988958	LK391695.1
574	-2.0441911	58.288975	AATOXX010000018.1
575	-66.20796	12.469095	LK391695.1
576	-66.310265	-0.22128503	LK391695.1
577	-5.315864	58.735924	AATOXX010000007.1
578	-45.58351	-8.959872	LK391695.1
579	-3.6880982	8.466399	LK391695.1
580	52.75222	-4.1605763	DADFWQ010000031.1
581	-13.222709	-3.3316903	LK391695.1
582	19.624897	17.412907	DADFWQ010000008.1
583	-4.2796617	30.367832	AATOXX010000002.1
584	-16.465477	-4.5754924	LK391695.1
585	21.45191	8.54132	DADFWQ010000021.1
586	-66.23605	1.8816271	LK391695.1
587	-5.405986	0.22901393	LK391695.1
588	-26.271591	-16.855974	LK391695.1
589	-21.892706	0.867434	LK391695.1
590	15.55886	-3.6990955	AATOXX010000008.1
591	31.737328	-18.594606	AATOYI010000033.1
592	45.261066	-2.8797784	DADFWQ010000045.1
593	-30.89907	-10.741978	LK391695.1
594	49.99986	-12.6026325	DADFWQ010000033.1
595	-1.3821166	56.449753	AATOXX010000006.1
596	8.114888	42.32067	AATOXX010000009.1
597	-73.1267	2.0133944	LK391695.1
598	-53.0018	-7.943772	LK391695.1
599	26.713564	0.44189072	DADFWQ010000004.1
600	-29.396454	-15.70878	LK391695.1
601	23.647985	4.505942	DADFWQ010000003.1
602	-61.793953	-1.5772109	LK391695.1
603	3.559271	6.302559	LK391695.1
604	58.59544	-3.4664035	LK391695.1
605	50.088863	-5.7179766	DADFWQ010000007.1
606	61.792114	-10.7371645	FR891647.1
607	29.434221	-6.5283537	AATOYI010000057.1
608	-73.03913	1.4069682	LK391695.1
609	78.00641	1.5088975	JACSNU010000070.1
610	49.485985	-12.187013	AATOYI010000106.1
611	-0.28354722	42.345516	AATOXX010000001.1
612	55.514862	-4.085387	AATOXX010000039.1
613	-2.341523	53.25356	AATOXX010000010.1
614	9.383622	25.518166	AATOXX010000003.1
615	64.64172	-6.3562407	DADFWQ010000026.1
616	-4.103044	53.76605	AATOXX010000003.1
617	19.123356	-8.50969	DADFWQ010000003.1
618	-21.832264	1.9245056	LK391695.1
619	-24.444191	1.778147	LK391695.1
620	14.317397	1.0502644	DADFWQ010000021.1
621	36.640316	-26.831879	AATOYI010000048.1
622	20.633703	13.403342	DADFWQ010000029.1
623	-49.564938	-1.3821683	LK391695.1
624	50.20047	-11.012833	DADFWQ010000003.1
625	50.09844	-16.89261	DADFWQ010000038.1
626	-67.99624	-1.0424188	LK391695.1
627	-54.328377	9.330932	LK391695.1
628	26.2623	3.6394088	AATOYI010000007.1
629	-34.732834	-1.844328	LK391695.1
630	-1.3229289	-9.021754	LK391695.1
631	11.314475	28.704567	AATOXX010000018.1
632	-3.0474167	54.178585	AATOXX010000028.1
633	14.737717	1.7764925	DADFWQ010000006.1
634	-62.110058	-6.6336093	LK391695.1
635	-23.94226	-13.630207	LK391695.1
636	23.838556	-8.636942	DADFWQ010000024.1
637	-26.893274	-10.128373	LK391695.1
638	-72.82413	1.4646871	LK391695.1
639	-59.048088	-11.837876	LK391695.1
640	24.727028	-6.536663	DADFWQ010000017.1
641	6.2578993	42.085194	AATOXX010000007.1
642	-59.5416	2.9372938	LK391695.1
643	9.678514	36.611298	AATOXX010000002.1
644	-54.90067	11.53208	LK391695.1
645	-63.99936	-3.765049	LK391695.1
646	42.773624	-18.758932	DADFWQ010000013.1
647	25.291014	6.371394	DADFWQ010000014.1
648	-54.303482	-0.6503587	LK391695.1
649	-2.857958	2.1064124	LK391695.1
650	-2.2652187	56.919388	AATOXX010000036.1
651	64.34132	-12.451918	FR891543.1
652	-58.742264	2.8347468	LK391695.1
653	45.42389	-29.35127	DADFWQ010000026.1
654	20.897516	15.980488	DADFWQ010000001.1
655	-0.0014168241	48.873013	AATOXX010000003.1
656	35.96832	-23.266632	DADFWQ010000006.1
657	1.791601	-15.721908	LK391695.1
658	60.689785	-11.260966	DADFWQ010000084.1
659	-25.013708	-18.127298	LK391695.1
660	25.626919	4.2816978	DADFWQ010000046.1
661	-28.096228	-6.3199553	LK391695.1
662	-5.500888	22.225777	LK391695.1
663	2.3681433	-15.79435	LK391695.1
664	12.447382	12.977816	AATOYI010000315.1
665	-3.296505	58.142815	AATOXX010000025.1
666	33.532272	-7.8346424	DADFWQ010000025.1
667	45.20846	-7.0900326	DADFWQ010000035.1
668	9.879929	-4.1493926	AATOYI010000183.1
669	45.118725	-4.347148	DADFWQ010000008.1
670	-26.714993	-2.211652	LK391695.1
671	43.326614	-10.829907	DADFWQ010000027.1
672	43.892643	-27.327795	DADFWQ010000040.1
673	1.501458	-8.405408	LK391695.1
674	49.637245	-27.60397	DADFWQ010000033.1
675	-28.50399	-2.816981	LK391695.1
676	12.665726	23.360264	AATOXX010000002.1
677	45.66651	-6.3300724	DADFWQ010000001.1
678	-62.391975	5.5478005	LK391695.1
679	50.482548	-30.952333	AATOYI010000109.1
680	57.489304	-14.4132595	AATOYI010000061.1
681	43.170063	-19.607502	AATOYI010000010.1
682	-16.550041	-4.809215	LK391695.1
683	-19.388119	-1.3851613	LK391695.1
684	-57.2004	9.231552	LK391695.1
685	4.338271	-13.689538	DADFWQ010000031.1
686	-2.3112364	40.095528	AATOXX010000001.1
687	50.10097	-8.233022	DADFWQ010000008.1
688	-47.663013	1.0975237	LK391695.1
689	2.5086439	43.597584	AATOXX010000009.1
690	-25.563866	-5.88268	LK391695.1
691	22.748709	8.097104	DADFWQ010000010.1
692	52.464066	-6.522672	LK391695.1
693	24.357542	5.366373	DADFWQ010000018.1
694	-60.583748	11.315456	LK391695.1
695	46.800964	-18.697277	DADFWQ010000018.1
696	31.826426	-10.53178	DADFWQ010000001.1
697	-1.9725779	-9.804328	LK391695.1
698	-46.01986	-2.501013	LK391695.1
699	44.235622	-2.3072739	DADFWQ010000018.1
700	30.589907	-16.934748	DADFWQ010000004.1
701	-6.146247	-5.813461	LK391695.1
702	-26.34053	3.1667569	LK391695.1
703	54.061497	-4.776571	DADFWQ010000029.1
704	11.074104	31.000488	AATOXX010000002.1
705	52.32056	-2.7301245	DADFWQ010000002.1
706	-47.81648	0.109279044	LK391695.1
707	-53.791264	-12.841959	LK391695.1
708	-55.778927	-0.60961586	LK391695.1
709	61.032143	-13.733256	FR891500.1
710	8.928873	34.71716	AATOXX010000006.1
711	47.45735	-25.884869	DADFWQ010000006.1
712	-32.064026	-8.745394	LK391695.1
713	16.526165	19.185394	DADFWQ010000025.1
714	0.44127873	57.222176	AATOXX010000002.1
715	-3.1509373	52.091797	AATOXX010000004.1
716	30.583908	-15.990751	DADFWQ010000004.1
717	-5.910728	-3.4996982	LK391695.1
718	20.492506	-1.6218088	DADFWQ010000034.1
719	-74.873314	0.66728413	LK391695.1
720	15.475091	-4.004771	DADFWQ010000001.1
721	23.118795	-13.967494	DADFWQ010000023.1
722	-60.03262	-0.5587264	LK391695.1
723	-3.3403728	31.499079	AATOXX010000021.1
724	1.9954512	55.10707	AATOXX010000014.1
725	-36.046062	-8.8696165	LK391695.1
726	-42.710262	1.0728511	LK391695.1
727	-40.80905	-4.499646	LK391695.1
728	-8.314279	1.4698148	LK391695.1
729	-50.511517	-11.610682	LK391695.1
730	-31.589579	-9.598936	LK391695.1
731	-1.3031222	5.361233	LK391695.1
732	-52.49635	3.3406835	LK391695.1
733	19.196936	18.400162	DADFWQ010000032.1
734	-32.75081	-12.199323	LK391695.1
735	-4.15458	32.399292	AATOXX010000005.1
736	1.7653496	30.064585	AATOXX010000027.1
737	0.6556571	53.445038	AATOXX010000004.1
738	-68.34251	9.368788	LK391695.1
739	51.753567	-27.545069	DADFWQ010000049.1
740	7.6709805	43.02472	AATOXX010000014.1
741	-63.486195	-8.103524	LK391695.1
742	3.0748749	-10.335024	LK391695.1
743	2.624401	27.054064	AATOXX010000013.1
744	67.22915	-8.793245	FR891699.1
745	-56.814568	1.1837231	LK391695.1
746	2.016087	52.93705	AATOXX010000006.1
747	20.836552	12.626349	AATOYI010000033.1
748	55.149113	-13.170065	DADFWQ010000041.1
749	-27.312838	-6.498865	LK391695.1
750	1.3015676	50.609333	AATOXX010000008.1
751	3.0778406	44.94276	AATOXX010000003.1
752	27.580154	-14.301964	DADFWQ010000034.1
753	-50.92578	-9.969283	LK391695.1
754	-4.2383404	39.841515	AATOXX010000004.1
755	19.38117	8.277859	DADFWQ010000004.1
756	30.204897	-16.780537	DADFWQ010000018.1
757	-6.3492966	-10.703129	LK391695.1
758	12.913035	24.16557	DADFWQ010000018.1
759	54.428436	-10.85183	DADFWQ010000001.1
760	-30.717314	-15.827971	LK391695.1
761	17.433258	13.528947	AATOYI010000023.1
762	8.382259	36.032204	AATOXX010000018.1
763	-0.8284037	7.502792	LK391695.1
764	14.060302	13.542489	DADFWQ010000007.1
765	9.1772175	27.836464	AATOXX010000028.1
766	-4.67133	38.592133	AATOXX010000003.1
767	2.5963557	-14.150948	LK391695.1
768	-2.4770076	-6.826583	LK391695.1
769	77.05512	0.58648777	JACSNU010000031.1
770	-46.12389	-7.1786714	LK391695.1
771	-71.54286	2.3810089	LK391695.1
772	0.5281139	-10.172735	LK391695.1
773	-28.20272	3.6845503	LK391695.1
774	-2.8412068	53.556206	AATOXX010000003.1
775	-25.716763	-15.059579	LK391695.1
776	40.220608	-20.39804	DADFWQ010000019.1
777	24.55024	3.8582141	DADFWQ010000025.1
778	-2.9036195	52.451157	AATOXX010000017.1
779	-16.038038	-1.644205	LK391695.1
780	51.739056	-4.502667	DADFWQ010000010.1
781	8.399844	43.97743	AATOXX010000004.1
782	1.7633225	-16.761671	LK391695.1
783	26.790375	-3.0460498	AATOYI010000010.1
784	-25.973557	-1.7533141	LK391695.1
785	-62.335087	10.551209	LK391695.1
786	-0.4705758	1.5418259	LK391695.1
787	-0.6959667	-15.783571	LK391695.1
788	-28.93277	-13.695127	LK391695.1
789	-6.9831862	-5.6922355	LK391695.1
790	37.67222	-14.58468	DADFWQ010000015.1
791	40.381165	-22.143799	DADFWQ010000036.1
792	-51.170547	6.1306787	LK391695.1
793	47.806572	-25.577047	DADFWQ010000029.1
794	-60.600636	4.974091	LK391695.1
795	-48.94461	0.5997236	LK391695.1
796	-4.9991255	9.288292	LK391695.1
797	45.11582	-5.576344	DADFWQ010000017.1
798	58.917233	-9.051737	DADFWQ010000012.1
799	46.91694	-25.76874	DADFWQ010000027.1
800	-2.7122064	59.499687	AATOXX010000015.1
801	47.120464	-26.703941	DADFWQ010000005.1
802	47.04022	-18.780684	DADFWQ010000053.1
803	-26.232246	-11.698003	LK391695.1
804	51.847385	-4.0358686	AATOYI010000036.1
805	19.28082	-4.4630346	DADFWQ010000006.1
806	3.933053	30.616735	AATOXX010000007.1
807	30.22623	-17.552027	DADFWQ010000003.1
808	-11.245084	-1.265856	LK391695.1
809	-9.162324	-8.018976	LK391695.1
810	-1.3013662	57.21252	AATOXX010000012.1
811	-29.212805	-3.8090081	LK391695.1
812	62.41114	-10.851752	DADFWQ010000090.1
813	14.990579	3.8524387	DADFWQ010000034.1
814	-26.730524	-10.117027	LK391695.1
815	15.649424	-3.4789672	DADFWQ010000176.1
816	24.883667	-8.980588	DADFWQ010000024.1
817	16.527119	15.893639	DADFWQ010000008.1
818	48.059135	-6.4322705	AATOYI010000037.1
819	55.132942	-4.560922	DADFWQ010000026.1
820	54.25687	-0.07675028	AATOXX010000015.1
821	-24.886877	0.21669897	LK391695.1
822	-59.211872	-0.50749665	LK391695.1
823	2.9085834	-7.578769	LK391695.1
824	-61.1669	-4.4130597	LK391695.1
825	-36.57985	-13.279444	LK391695.1
826	17.271126	-14.826014	DADFWQ010000005.1
827	3.046236	38.140182	AATOXX010000001.1
828	-5.922822	5.3309507	LK391695.1
829	-1.5131108	0.255655	LK391695.1
830	-20.144732	-3.6888468	LK391695.1
831	-48.645687	-0.4466622	LK391695.1
832	-61.148426	-0.148649	LK391695.1
833	7.900565	47.30396	AATOXX010000006.1
834	-60.196907	10.291083	LK391695.1
835	15.830972	4.8211727	DADFWQ010000032.1
836	-6.6445584	-1.0081232	LK391695.1
837	-48.760468	1.5274827	LK391695.1
838	-3.9152973	0.52583617	LK391695.1
839	-63.63992	9.800855	LK391695.1
840	-22.062061	-1.524229	LK391695.1
841	23.909082	2.40376	DADFWQ010000010.1
842	39.47049	-9.963319	DADFWQ010000014.1
843	-24.07154	-0.93073726	LK391695.1
844	1.437606	32.259655	AATOXX010000023.1
845	18.63055	14.874528	DADFWQ010000017.1
846	-66.82761	9.743833	LK391695.1
847	28.754972	-2.867584	DADFWQ010000012.1
848	-8.310208	-5.43569	LK391695.1
849	63.949493	-6.27727	AATOXX010000025.1
850	-2.8990242	42.601727	AATOXX010000011.1
851	-55.11275	12.045536	LK391695.1
852	-49.86667	0.2883583	LK391695.1
853	41.056213	-6.6479344	DADFWQ010000015.1
854	50.462784	-4.2100444	LK391695.1
855	23.708227	-10.344537	DADFWQ010000004.1
856	38.851185	-19.36525	DADFWQ010000013.1
857	26.651384	-3.7574608	AATOYI010000027.1
858	-42.073154	-10.312283	LK391695.1
859	-26.73573	2.6191683	LK391695.1
860	40.607067	-9.976872	DADFWQ010000025.1
861	8.197093	37.38145	AATOXX010000001.1
862	-3.9274397	29.885372	AATOXX010000003.1
863	-67.13417	11.640952	LK391695.1
864	-4.9691405	35.496788	AATOXX010000037.1
865	-55.807068	6.519818	LK391695.1
866	3.2624004	49.083496	AATOXX010000028.1
867	43.03794	-28.17031	DADFWQ010000004.1
868	-66.10551	5.1859565	LK391695.1
869	-61.024612	0.9030902	LK391695.1
870	-2.202398	0.5172948	LK391695.1
871	36.850582	-19.837423	DADFWQ010000029.1
872	58.375507	-4.817761	DADFWQ010000057.1
873	29.31879	-7.104807	DADFWQ010000003.1
874	5.9625783	-8.627104	DADFWQ010000005.1
875	-1.9631876	39.026516	AATOXX010000018.1
876	-39.947807	-6.161225	LK391695.1
877	39.40232	-24.018675	DADFWQ010000015.1
878	17.037664	9.956633	DADFWQ010000012.1
879	-26.48043	-0.81283313	LK391695.1
880	12.715096	22.67688	AATOXX010000005.1
881	76.52708	1.9991679	JACSNU010000034.1
882	18.974386	18.601852	DADFWQ010000017.1
883	-5.0406013	56.905388	AATOXX010000005.1
884	25.23556	-6.4230914	DADFWQ010000021.1
885	-27.706886	-15.230482	LK391695.1
886	19.098383	-7.6098094	DADFWQ010000016.1
887	8.903446	42.77712	AATOXX010000002.1
888	9.134418	31.812864	AATOXX010000002.1
889	-12.395371	-2.3907325	LK391695.1
890	40.030052	-5.5121293	LK391695.1
891	6.6926713	43.7284	AATOXX010000002.1
892	-19.59174	-2.7006228	LK391695.1
893	-27.885406	-3.3495061	LK391695.1
894	23.132065	-15.136948	AATOYI010000005.1
895	-59.192543	8.13147	LK391695.1
896	-61.848587	-1.1269999	LK391695.1
897	-28.321844	-9.87345	LK391695.1
898	-11.099977	-3.8014467	LK391695.1
899	13.641608	14.264481	DADFWQ010000017.1
900	-54.430916	-11.32254	LK391695.1
901	-24.87613	-9.938954	LK391695.1
902	-46.55411	-0.42163503	LK391695.1
903	16.229006	-15.1915865	DADFWQ010000070.1
904	-48.27185	-3.2723403	LK391695.1
905	11.031214	-3.840898	AATOXX010000003.1
906	20.287676	-10.333521	DADFWQ010000023.1
907	5.6164694	50.61631	AATOXX010000008.1
908	8.116183	43.92418	AATOXX010000013.1
909	-65.6708	12.85734	LK391695.1
910	36.05739	-21.91111	DADFWQ010000009.1
911	2.3350353	27.010452	AATOXX010000032.1
912	40.300705	-8.595679	DADFWQ010000003.1
913	-48.018448	-8.188121	LK391695.1
914	-61.765495	0.9953958	LK391695.1
915	-66.470894	3.8667772	LK391695.1
916	2.8212402	49.301025	AATOXX010000007.1
917	-21.227938	-0.820739	LK391695.1
918	-46.018494	0.19195378	LK391695.1
919	-17.354277	-1.7923363	LK391695.1
920	-64.305534	-9.033586	LK391695.1
921	-56.558105	-12.705859	LK391695.1
922	-3.2355728	-16.747007	LK391695.1
923	-67.49601	2.8960707	LK391695.1
924	44.159927	-2.0725636	LK391695.1
925	-75.02919	0.4749017	LK391695.1
926	-0.88307303	-11.099019	LK391695.1
927	31.603992	-19.146643	DADFWQ010000036.1
928	-37.932106	-8.337018	LK391695.1
929	34.851227	-21.590551	DADFWQ010000005.1
930	-34.708206	-3.122797	LK391695.1
931	8.417843	18.745924	AATOXX010000007.1
932	-19.932915	0.24411215	LK391695.1
933	-1.5492686	59.385475	AATOXX010000004.1
934	21.27201	-8.931079	DADFWQ010000003.1
935	-37.19114	-4.8057475	LK391695.1
936	25.6772	-8.264563	DADFWQ010000024.1
937	-62.15576	-7.6485896	LK391695.1
938	47.466923	-4.0475154	AATOYI010000014.1
939	15.46424	21.824862	DADFWQ010000025.1
940	-41.279797	-6.3733487	LK391695.1
941	-1.9345045	-13.773477	LK391695.1
942	-45.164845	-6.4147468	LK391695.1
943	-20.108646	-9.023702	LK391695.1
944	46.67843	-27.710543	DADFWQ010000026.1
945	35.83612	-14.349404	DADFWQ010000001.1
946	-2.920226	1.1015135	LK391695.1
947	-2.6328878	59.033363	AATOXX010000001.1
948	35.035126	-19.875944	DADFWQ010000002.1
949	-61.156216	-0.95810604	LK391695.1
950	5.041793	45.28976	AATOXX010000028.1
951	24.710299	-9.701083	DADFWQ010000003.1
952	-6.652469	-2.4541237	LK391695.1
953	-14.068218	-2.3631277	LK391695.1
954	-61.988586	0.07451242	LK391695.1
955	-46.55543	3.3195205	LK391695.1
956	-14.816265	-4.1073236	LK391695.1
957	29.1115	-10.528181	DADFWQ010000001.1
958	45.79308	-28.467068	DADFWQ010000004.1
959	-48.777843	7.507264	LK391695.1
960	10.23074	37.18849	AATOXX010000005.1
961	34.081757	-11.794369	DADFWQ010000003.1
962	26.450441	5.8220873	DADFWQ010000013.1
963	0.103854924	41.38193	AATOXX010000012.1
964	57.761513	-10.186516	DADFWQ010000011.1
965	2.459592	-18.051357	LK391695.1
966	-49.148537	-6.400557	LK391695.1
967	49.519722	-13.844923	DADFWQ010000007.1
968	-66.81513	-8.42319	LK391695.1
969	-20.322165	-0.8802613	LK391695.1
970	-5.0349884	41.66719	AATOXX010000006.1
971	2.4752803	56.385174	AATOXX010000003.1
972	2.02139	30.679726	AATOXX010000006.1
973	65.62865	-9.280311	FR891635.1
974	-51.122456	1.0577687	LK391695.1
975	5.028761	-8.335362	DADFWQ010000018.1
976	-65.59502	1.4780797	LK391695.1
977	-5.064896	41.017624	AATOXX010000008.1
978	-51.948597	-8.210315	LK391695.1
979	-65.92081	-3.4326332	LK391695.1
980	-4.709267	-4.27797	LK391695.1
981	-3.202764	-3.6976557	LK391695.1
982	-0.52200603	49.505085	AATOXX010000001.1
983	0.7782556	2.9297047	LK391695.1
984	23.221039	6.362453	DADFWQ010000002.1
985	-65.67374	-7.801316	LK391695.1
986	-63.463696	-5.7959895	LK391695.1
987	-24.323044	-18.142502	LK391695.1
988	78.45357	3.1016934	JACSNU010000057.1
989	-52.73721	2.800377	LK391695.1
990	-48.084064	3.1946192	LK391695.1
991	-45.826805	-7.7347755	LK391695.1
992	9.540193	35.913136	AATOXX010000002.1
993	-56.07453	1.0994191	LK391695.1
994	45.45395	-25.763744	DADFWQ010000008.1
995	7.927307	35.143368	AATOXX010000002.1
996	-39.86565	-4.0818567	LK391695.1
997	21.911425	8.931538	DADFWQ010000013.1
998	-29.397379	-10.811455	LK391695.1
999	31.7675	-7.817756	DADFWQ010000018.1
1000	11.996635	27.875525	AATOXX010000049.1
1001	10.596161	25.93885	AATOXX010000008.1
1002	53.44792	-13.138504	DADFWQ010000018.1
1003	-35.04651	0.32755664	LK391695.1
1004	-48.508106	-13.138878	LK391695.1
1005	50.31492	-29.308496	DADFWQ010000021.1
1006	28.8289	-5.0386014	DADFWQ010000015.1
1007	-50.183113	-12.899272	LK391695.1
1008	26.598236	3.5442014	DADFWQ010000011.1
1009	-3.8183112	51.406216	AATOXX010000011.1
1010	5.624802	42.07397	AATOXX010000015.1
1011	-49.15255	-13.319078	LK391695.1
1012	7.5709753	35.760456	AATOXX010000002.1
1013	28.407337	-12.31903	DADFWQ010000006.1
1014	15.82613	11.925118	DADFWQ010000022.1
1015	-3.601253	37.95932	AATOXX010000023.1
1016	54.20983	-18.372961	DADFWQ010000001.1
1017	18.892029	8.194452	DADFWQ010000003.1
1018	47.233143	-29.699883	DADFWQ010000007.1
1019	-3.7980895	-8.328078	LK391695.1
1020	-18.08953	-5.4041815	LK391695.1
1021	-1.1681492	-7.1897397	LK391695.1
1022	-30.48266	-12.04449	LK391695.1
1023	-50.501	-10.4499655	LK391695.1
1024	-50.707245	4.607863	LK391695.1
1025	20.842728	10.200142	DADFWQ010000002.1
1026	-3.9088593	29.09678	AATOXX010000001.1
1027	26.55886	-12.812026	DADFWQ010000002.1
1028	51.235237	-12.104809	DADFWQ010000021.1
1029	47.188194	-3.113079	DADFWQ010000028.1
1030	-66.62948	-1.5749332	LK391695.1
1031	10.645512	30.078884	AATOXX010000001.1
1032	-4.351893	-1.335	LK391695.1
1033	43.41254	-28.432524	DADFWQ010000002.1
1034	-54.90282	11.383633	LK391695.1
1035	-51.230576	5.341424	LK391695.1
1036	-53.638428	-12.753836	LK391695.1
1037	-50.483307	3.167502	LK391695.1
1038	-46.914326	-4.787385	LK391695.1
1039	-27.32233	1.3184991	LK391695.1
1040	-59.26532	-0.9370633	LK391695.1
1041	-17.49724	-8.343477	LK391695.1
1042	36.550003	-23.90061	DADFWQ010000006.1
1043	-15.585157	-11.484906	LK391695.1
1044	10.270254	34.98349	AATOXX010000006.1
1045	0.6797883	55.098236	AATOXX010000004.1
1046	54.28283	-0.26629004	AATOXX010000004.1
1047	27.617128	-6.771239	DADFWQ010000007.1
1048	25.456049	-2.9898057	DADFWQ010000016.1
1049	-2.4540892	-3.90595	LK391695.1
1050	24.046616	6.745203	DADFWQ010000022.1
1051	-4.9775867	38.491043	AATOXX010000029.1
1052	51.237087	-30.158592	DADFWQ010000015.1
1053	20.68605	2.6499968	DADFWQ010000003.1
1054	-0.41232422	57.67697	AATOXX010000008.1
1055	-4.4340134	42.516697	AATOXX010000048.1
1056	-7.083263	-3.5223505	LK391695.1
1057	-30.328854	-2.856909	LK391695.1
1058	-45.10382	-3.3507009	LK391695.1
1059	-2.048088	3.4457982	LK391695.1
1060	33.202553	-19.043383	DADFWQ010000020.1
1061	-0.77732545	54.72083	AATOXX010000001.1
1062	49.239174	-28.86903	DADFWQ010000026.1
1063	-31.518637	-9.039764	LK391695.1
1064	19.334494	15.537365	DADFWQ010000023.1
1065	50.53172	-13.714601	DADFWQ010000011.1
1066	-5.3613634	58.864124	AATOXX010000013.1
1067	-13.404474	0.4941682	LK391695.1
1068	-41.352245	-9.572201	LK391695.1
1069	9.527854	20.371582	AATOXX010000024.1
1070	19.842354	15.332071	DADFWQ010000015.1
1071	2.9611228	32.89702	AATOXX010000004.1
1072	58.756714	-7.6797004	DADFWQ010000015.1
1073	64.96562	-5.624142	AATOXX010000014.1
1074	36.570953	-17.91233	DADFWQ010000003.1
1075	30.252245	-10.930522	DADFWQ010000009.1
1076	9.4314575	37.083565	AATOXX010000012.1
1077	-44.569344	-5.86415	LK391695.1
1078	22.396988	7.935187	DADFWQ010000047.1
1079	36.530136	-26.560654	DADFWQ010000019.1
1080	1.0772561	47.818985	AATOXX010000024.1
1081	-45.427883	-8.36758	LK391695.1
1082	27.315037	-1.1085024	DADFWQ010000019.1
1083	47.17244	-21.185833	DADFWQ010000016.1
1084	7.166647	39.76136	AATOXX010000002.1
1085	40.989143	-28.048029	DADFWQ010000024.1
1086	-26.529224	-13.765871	LK391695.1
1087	17.416004	13.19057	DADFWQ010000027.1
1088	-69.75488	10.643672	LK391695.1
1089	-19.056225	-13.979548	LK391695.1
1090	36.24556	-14.326512	DADFWQ010000021.1
1091	60.10024	-3.9435153	DADFWQ010000010.1
1092	1.6433004	31.403427	AATOXX010000001.1
1093	-59.595387	-8.353657	LK391695.1
1094	25.04593	-11.977316	DADFWQ010000042.1
1095	-45.53414	-4.0560794	LK391695.1
1096	8.37868	37.347847	AATOXX010000050.1
1097	79.332184	2.7918875	JACSNU010000081.1
1098	-55.13459	0.6899224	LK391695.1
1099	-61.905437	3.3179474	LK391695.1
1100	2.057975	27.425812	AATOXX010000002.1
1101	23.75638	-14.052121	DADFWQ010000001.1
1102	2.470038	-14.64001	LK391695.1
1103	-5.6556616	-12.399054	LK391695.1
1104	-4.602722	28.883118	AATOXX010000020.1
1105	37.039345	-17.033373	DADFWQ010000002.1
1106	-3.4932287	-8.725048	LK391695.1
1107	-57.245655	7.7850976	LK391695.1
1108	-56.250065	-12.871337	LK391695.1
1109	15.340211	19.510918	DADFWQ010000030.1
1110	-27.030064	-16.7271	LK391695.1
1111	12.528688	14.302641	AATOXX010000003.1
1112	46.765377	-24.446592	DADFWQ010000011.1
1113	3.3714497	30.700825	AATOXX010000019.1
1114	-53.49169	-9.049538	LK391695.1
1115	-26.555628	-15.27378	LK391695.1
1116	-29.885445	-13.307611	LK391695.1
1117	-0.818945	-11.873125	LK391695.1
1118	55.077885	-2.992027	LK391695.1
1119	-0.8347128	1.3211187	LK391695.1
1120	-4.111339	6.2540092	LK391695.1
1121	-5.304301	6.883082	LK391695.1
1122	-71.461	-3.2302248	LK391695.1
1123	-12.371627	-1.5521624	LK391695.1
1124	42.850662	-13.91233	DADFWQ010000008.1
1125	50.805088	-31.563559	DADFWQ010000024.1
1126	-38.621696	-5.923129	LK391695.1
1127	-47.367935	-11.104862	LK391695.1
1128	9.689608	41.114372	AATOXX010000017.1
1129	-68.36961	13.34468	LK391695.1
1130	-55.8255	-12.093612	LK391695.1
1131	-0.6710188	56.423515	AATOXX010000019.1
1132	-48.23933	5.343071	LK391695.1
1133	13.781717	18.610098	DADFWQ010000032.1
1134	-0.4107762	-11.698741	LK391695.1
1135	-44.162933	-0.5044325	LK391695.1
1136	-61.955624	7.7157903	LK391695.1
1137	-8.946301	-7.1611004	LK391695.1
1138	41.954964	-27.781595	DADFWQ010000007.1
1139	-23.730394	-15.559975	LK391695.1
1140	-2.2715378	0.1584557	LK391695.1
1141	40.13986	-5.673999	LK391695.1
1142	-67.125854	-5.736272	LK391695.1
1143	22.710146	-7.1763334	DADFWQ010000002.1
1144	21.677076	-8.967401	DADFWQ010000001.1
1145	27.821491	-15.715295	AATOYI010000004.1
1146	-48.71769	-0.7417466	LK391695.1
1147	-10.647604	-5.234313	LK391695.1
1148	0.10969834	8.714195	AATOXX010000011.1
1149	-46.54631	-4.0507503	LK391695.1
1150	33.879177	-15.083382	DADFWQ010000002.1
1151	-62.066883	4.53991	LK391695.1
1152	-67.12067	4.7723036	LK391695.1
1153	44.774384	-23.51791	DADFWQ010000012.1
1154	-49.000618	4.392214	LK391695.1
1155	-55.334003	4.8111963	LK391695.1
1156	12.7252035	21.541178	DADFWQ010000017.1
1157	-63.705307	3.9467938	LK391695.1
1158	-16.934029	-8.390394	LK391695.1
1159	-71.96048	2.2616417	LK391695.1
1160	-3.9308276	-15.483491	LK391695.1
1161	-72.02053	-1.3267982	LK391695.1
1162	-6.364219	-11.535711	LK391695.1
1163	-26.566021	-12.105226	LK391695.1
1164	54.096657	-4.0947003	DADFWQ010000008.1
1165	-59.75687	8.522809	LK391695.1
1166	50.84542	-8.723775	LK391695.1
1167	-49.08067	-0.06720675	LK391695.1
1168	-18.970406	-14.686057	LK391695.1
1169	31.727095	-19.719944	AATOYI010000001.1
1170	-2.9483006	26.916815	AATOXX010000003.1
1171	63.020733	-14.932256	DADFWQ010000056.1
1172	-18.465048	-1.5973339	LK391695.1
1173	1.1437542	55.052963	AATOXX010000002.1
1174	-65.981636	-2.6798794	LK391695.1
1175	79.803604	3.419045	JACSNU010000042.1
1176	-6.930974	-7.34481	LK391695.1
1177	-5.853925	-3.4667296	LK391695.1
1178	43.33018	-3.8683817	DADFWQ010000028.1
1179	78.93064	4.0409403	JACSNU010000045.1
1180	-8.605383	-7.3788757	LK391695.1
1181	15.408125	4.7981253	DADFWQ010000001.1
1182	49.529423	-7.2536693	DADFWQ010000019.1
1183	-0.78362507	-2.7225935	LK391695.1
1184	-44.35018	-9.794179	LK391695.1
1185	62.80113	-4.577119	AATOXX010000012.1
1186	75.221214	0.9571146	AATOXX010000006.1
1187	38.788383	-24.458256	DADFWQ010000005.1
1188	-2.2393365	-10.321825	LK391695.1
1189	-24.730392	-8.950868	LK391695.1
1190	-27.914974	-4.980859	LK391695.1
1191	37.021217	-24.905224	DADFWQ010000007.1
1192	11.290802	25.275951	AATOXX010000049.1
1193	-42.61613	-10.159282	LK391695.1
1194	-4.013729	58.614754	AATOXX010000001.1
1195	27.804636	-8.56928	DADFWQ010000046.1
1196	40.73567	-26.983963	DADFWQ010000006.1
1197	-24.92368	-17.466824	LK391695.1
1198	7.1444483	16.764252	DADFWQ010000006.1
1199	29.635126	-6.281184	DADFWQ010000024.1
1200	32.548126	-16.831257	DADFWQ010000029.1
1201	62.488068	-7.9137936	DADFWQ010000003.1
1202	-50.661892	-6.2769156	LK391695.1
1203	58.414673	-9.444847	AATOYI010000038.1
1204	78.0296	3.5207448	JACSNU010000117.1
1205	-50.721985	-12.988901	LK391695.1
1206	16.521887	2.5615242	AATOYI010000011.1
1207	25.295628	2.163261	AATOYI010000055.1
1208	22.801476	-2.0312154	DADFWQ010000039.1
1209	-3.1227217	25.803783	AATOXX010000025.1
1210	-24.608177	-5.7257	LK391695.1
1211	-19.304417	-13.900508	LK391695.1
1212	39.33645	-25.095715	DADFWQ010000004.1
1213	-4.4982767	8.723158	LK391695.1
1214	25.048769	-10.13846	DADFWQ010000018.1
1215	21.847109	-4.1824083	DADFWQ010000013.1
1216	25.595768	-10.347495	DADFWQ010000014.1
1217	48.73155	-21.517931	DADFWQ010000041.1
1218	9.68462	19.637707	AATOXX010000011.1
1219	32.15442	-14.043979	AATOYI010000030.1
1220	13.577347	21.620514	AATOXX010000006.1
1221	18.201302	-10.797085	DADFWQ010000032.1
1222	-57.40559	-3.8440125	LK391695.1
1223	23.14956	1.4132293	DADFWQ010000037.1
1224	-36.040382	-10.149088	LK391695.1
1225	-32.15489	-7.513663	LK391695.1
1226	-3.3013973	30.361885	AATOXX010000038.1
1227	31.522099	-12.117159	DADFWQ010000002.1
1228	2.9634125	38.68347	AATOXX010000002.1
1229	67.54669	-8.950773	FR891615.1
1230	5.981202	49.14397	AATOXX010000020.1
1231	26.809225	-13.415081	DADFWQ010000018.1
1232	53.918255	-17.454645	DADFWQ010000012.1
1233	-40.04551	-6.940442	LK391695.1
1234	-49.356876	-9.994466	LK391695.1
1235	-1.9550412	-4.4862213	LK391695.1
1236	-15.1356945	-6.906937	LK391695.1
1237	62.63073	-10.192108	FR891685.1
1238	-17.414968	-3.9786527	LK391695.1
1239	23.259703	2.9586463	DADFWQ010000007.1
1240	-2.869784	26.849417	AATOXX010000009.1
1241	-57.73033	6.9123797	LK391695.1
1242	80.00236	2.5931735	JACSNU010000056.1
1243	50.87112	-7.181924	LK391695.1
1244	-60.513187	6.3877378	LK391695.1
1245	35.577847	-16.486563	DADFWQ010000022.1
1246	-5.073553	37.5931	AATOXX010000011.1
1247	19.656574	13.7228	DADFWQ010000007.1
1248	-5.2581463	38.039726	AATOXX010000001.1
1249	-65.80816	-6.654205	LK391695.1
1250	11.161713	27.45702	AATOXX010000006.1
1251	-24.077686	0.38206685	LK391695.1
1252	-69.696686	-6.553529	LK391695.1
1253	-68.775955	11.1023855	LK391695.1
1254	56.087368	-12.670396	AATOYI010000117.1
1255	-63.494278	2.8281593	LK391695.1
1256	14.281424	13.194735	DADFWQ010000003.1
1257	43.126854	-10.425498	DADFWQ010000020.1
1258	60.886387	-4.3008657	AATOXX010000003.1
1259	-66.36609	-4.475635	LK391695.1
1260	-55.44668	0.8325925	LK391695.1
1261	0.66024756	56.176006	AATOXX010000013.1
1262	-59.78992	-7.4419575	LK391695.1
1263	22.448395	2.548434	AATOYI010000005.1
1264	-5.3394613	8.220434	LK391695.1
1265	-49.40755	2.191339	LK391695.1
1266	-4.023984	53.98271	AATOXX010000024.1
1267	-21.64225	0.7045895	LK391695.1
1268	-66.80144	1.5806938	LK391695.1
1269	4.013967	33.388016	AATOXX010000001.1
1270	41.9555	-10.193953	DADFWQ010000015.1
1271	-0.7538125	39.0966	AATOXX010000011.1
1272	-56.74514	7.323567	LK391695.1
1273	2.2817664	51.282192	AATOXX010000008.1
1274	-64.213936	-7.3753266	LK391695.1
1275	26.095184	-2.5864923	DADFWQ010000016.1
1276	14.880676	20.38181	DADFWQ010000023.1
1277	-25.18462	-17.3846	LK391695.1
1278	-24.87852	3.7115493	LK391695.1
1279	9.632068	33.889946	AATOXX010000023.1
1280	-15.2506485	-2.9812956	LK391695.1
1281	-60.18776	9.313644	LK391695.1
1282	-37.37454	-6.2320604	LK391695.1
1283	64.69037	-14.152831	FR891677.1
1284	-23.680698	-10.3852005	LK391695.1
1285	-67.14359	-2.9816098	LK391695.1
1286	-60.321686	2.5520172	LK391695.1
1287	-27.511686	-2.1923194	LK391695.1
1288	-53.67071	9.04596	LK391695.1
1289	-5.8866663	40.40765	AATOXX010000022.1
1290	52.469963	-4.678465	DADFWQ010000033.1
1291	6.2542353	47.81086	AATOXX010000010.1
1292	-51.51849	0.625573	LK391695.1
1293	60.77109	-13.976349	FR891676.1
1294	-19.316935	-15.559817	LK391695.1
1295	-17.625216	2.3306577	DADFWQ010000031.1
1296	27.638004	0.10370694	DADFWQ010000002.1
1297	34.981316	-16.054262	DADFWQ010000005.1
1298	9.201181	37.78156	AATOXX010000007.1
1299	-70.8818	-5.9527926	LK391695.1
1300	-51.511955	-3.0866687	LK391695.1
1301	-47.52732	6.960822	LK391695.1
1302	-59.490726	-11.312617	LK391695.1
1303	2.6645823	50.35799	AATOXX010000009.1
1304	16.541862	1.0081755	DADFWQ010000003.1
1305	19.228924	-12.713861	DADFWQ010000028.1
1306	3.0277774	27.558361	AATOXX010000031.1
1307	-4.3233976	-16.066345	LK391695.1
1308	-17.715803	-9.459387	LK391695.1
1309	21.33361	14.582045	DADFWQ010000015.1
1310	-25.070282	-0.43965375	LK391695.1
1311	18.57189	-11.9334755	AATOYI010000013.1
1312	15.758886	0.97851396	AATOYI010000092.1
1313	13.972159	20.596117	AATOXX010000008.1
1314	-28.370687	-8.406856	LK391695.1
1315	-25.155727	1.3157394	LK391695.1
1316	-48.06766	-4.956284	LK391695.1
1317	39.32722	-15.665245	DADFWQ010000013.1
1318	52.626274	-13.121111	DADFWQ010000018.1
1319	34.6624	-22.837738	AATOYI010000020.1
1320	-47.25743	-4.292548	LK391695.1
1321	-49.87848	-13.703417	LK391695.1
1322	3.042419	43.006615	AATOXX010000026.1
1323	21.938581	-13.815096	DADFWQ010000007.1
1324	-64.51369	-6.1012096	LK391695.1
1325	-4.1457677	58.002396	AATOXX010000001.1
1326	-12.711163	-3.0497499	LK391695.1
1327	29.053482	-11.511589	DADFWQ010000003.1
1328	-3.5451472	32.343452	AATOXX010000025.1
1329	79.55561	2.1085017	JACSNU010000025.1
1330	20.047962	14.821104	DADFWQ010000005.1
1331	-2.5057714	42.759068	AATOXX010000002.1
1332	-49.486095	-7.262221	LK391695.1
1333	33.755634	-22.143784	DADFWQ010000034.1
1334	57.782692	-8.940725	DADFWQ010000003.1
1335	45.239628	-24.441769	DADFWQ010000026.1
1336	4.319491	-8.49073	LK391695.1
1337	-0.7689295	-8.422606	LK391695.1
1338	-74.30891	1.7667704	LK391695.1
1339	44.96242	-27.858503	AATOYI010000051.1
1340	27.556887	-10.031779	AATOYI010000008.1
1341	-73.909584	-0.9823645	LK391695.1
1342	-18.455742	-13.331265	LK391695.1
1343	-27.154457	-13.763241	LK391695.1
1344	-8.079939	1.2365068	LK391695.1
1345	-0.2120299	42.841732	AATOXX010000001.1
1346	-15.676023	-2.2600477	LK391695.1
1347	-0.47826138	8.321665	DADFWQ010000031.1
1348	-23.853865	-18.028065	LK391695.1
1349	-47.127483	4.779462	LK391695.1
1350	60.211823	-16.364645	DADFWQ010000078.1
1351	32.202045	-14.24651	AATOYI010000006.1
1352	16.922	9.584629	DADFWQ010000023.1
1353	18.489552	-14.830412	DADFWQ010000002.1
1354	16.440876	18.047432	DADFWQ010000010.1
1355	-48.994152	-3.6892703	LK391695.1
1356	66.5961	-6.8832545	DADFWQ010000019.1
1357	40.61523	-6.4325337	DADFWQ010000063.1
1358	-6.5905795	-8.273663	LK391695.1
1359	-6.1187134	7.4698095	LK391695.1
1360	8.035947	46.559223	AATOXX010000001.1
1361	-57.579605	-1.1207513	LK391695.1
1362	49.963696	-26.820354	DADFWQ010000005.1
1363	-29.585821	2.430866	LK391695.1
1364	23.497839	9.270943	AATOYI010000038.1
1365	78.93758	1.723744	JACSNU010000003.1
1366	54.787888	-16.77273	DADFWQ010000015.1
1367	-70.76877	-4.4189205	LK391695.1
1368	-7.7237673	41.63515	AATOXX010000016.1
1369	-0.5358699	57.14517	AATOXX010000002.1
1370	3.9093385	38.263977	AATOXX010000016.1
1371	-64.891884	7.64486	LK391695.1
1372	3.4313238	6.1503654	LK391695.1
1373	-18.014194	-4.7975	LK391695.1
1374	1.2181926	51.81931	AATOXX010000015.1
1375	60.384384	-16.272226	DADFWQ010000049.1
1376	35.0397	-20.899536	DADFWQ010000002.1
1377	-57.990753	-4.2890964	LK391695.1
1378	-10.750691	-2.7136083	LK391695.1
1379	-4.982818	41.94236	AATOXX010000002.1
1380	47.219032	-20.82815	DADFWQ010000001.1
1381	22.771143	-14.865898	DADFWQ010000038.1
1382	18.32621	7.5135217	DADFWQ010000022.1
1383	49.959846	-15.866986	DADFWQ010000046.1
1384	10.847498	32.13474	AATOXX010000002.1
1385	-61.09486	-10.961413	LK391695.1
1386	-52.751644	5.415241	LK391695.1
1387	-68.239685	13.535896	LK391695.1
1388	45.985443	-29.185513	DADFWQ010000026.1
1389	-68.847824	4.0625677	LK391695.1
1390	-13.474884	0.4815272	LK391695.1
1391	-4.1474857	-4.271405	LK391695.1
1392	53.233482	-12.76523	DADFWQ010000010.1
1393	35.323536	-12.6502075	DADFWQ010000014.1
1394	-61.328827	8.679405	LK391695.1
1395	61.60424	-4.6862416	DADFWQ010000031.1
1396	17.335474	18.064604	DADFWQ010000018.1
1397	-1.3869833	36.860176	AATOXX010000032.1
1398	-2.04189	49.850735	AATOXX010000001.1
1399	58.772484	-14.237888	DADFWQ010000005.1
1400	-5.042275	2.3299506	LK391695.1
1401	59.464222	-4.2451777	LK391695.1
1402	-20.647257	-4.6509347	LK391695.1
1403	-6.132613	-2.6493847	LK391695.1
1404	19.24366	-10.363093	DADFWQ010000006.1
1405	-35.95107	-0.5433606	LK391695.1
1406	-67.8195	5.345207	LK391695.1
1407	43.07846	-25.13	DADFWQ010000005.1
1408	19.46527	9.155503	DADFWQ010000003.1
1409	43.04142	-6.001535	DADFWQ010000175.1
1410	-46.562485	-9.637157	LK391695.1
1411	38.212875	-19.833303	DADFWQ010000008.1
1412	57.60366	-7.9909525	DADFWQ010000037.1
1413	43.657825	-19.494701	DADFWQ010000017.1
1414	18.961716	14.431374	DADFWQ010000021.1
1415	49.241077	-28.442436	DADFWQ010000037.1
1416	5.329001	38.94295	AATOXX010000002.1
1417	-25.591274	-14.002465	LK391695.1
1418	-30.293068	-11.637273	LK391695.1
1419	-1.3773457	-16.99321	LK391695.1
1420	42.838306	-3.9831076	DADFWQ010000002.1
1421	-9.130789	-4.6117997	LK391695.1
1422	1.1959786	29.500586	AATOXX010000012.1
1423	24.196985	-2.0329704	DADFWQ010000032.1
1424	20.18782	-0.3610287	DADFWQ010000032.1
1425	-2.615969	-6.6044784	LK391695.1
1426	-65.83365	0.69068134	LK391695.1
1427	-16.136139	-3.4226842	LK391695.1
1428	-1.629791	-0.310064	LK391695.1
1429	-3.8793328	5.676502	LK391695.1
1430	3.011195	47.523247	AATOXX010000013.1
1431	3.86123	6.4200954	LK391695.1
1432	-64.69118	7.4467993	LK391695.1
1433	1.4928764	-16.182154	LK391695.1
1434	24.591442	-5.412869	AATOYI010000015.1
1435	-50.465065	4.7365394	LK391695.1
1436	18.419243	-3.6039767	DADFWQ010000027.1
1437	50.911034	-29.379911	DADFWQ010000001.1
1438	-31.85923	-3.259299	LK391695.1
1439	26.550625	-11.087614	DADFWQ010000006.1
1440	-10.012001	1.6157018	LK391695.1
1441	57.10683	-6.1381397	DADFWQ010000010.1
1442	-45.43026	3.6043124	LK391695.1
1443	-2.9093826	31.761806	AATOXX010000020.1
1444	36.224518	-22.69842	DADFWQ010000007.1
1445	-37.76934	-5.8468018	LK391695.1
1446	-60.222317	-6.1310844	LK391695.1
1447	-7.4561305	-6.2456193	LK391695.1
1448	-66.935165	2.3168402	LK391695.1
1449	48.37422	-28.767784	DADFWQ010000022.1
1450	20.320543	9.552945	DADFWQ010000003.1
1451	-2.5295312	37.520176	AATOXX010000020.1
1452	78.07858	1.8144612	JACSNU010000005.1
1453	65.71143	-10.496067	FR891568.1
1454	18.07367	15.780602	DADFWQ010000017.1
1455	-6.3177447	-11.990428	LK391695.1
1456	9.932266	27.148823	AATOXX010000022.1
1457	23.044153	7.226115	DADFWQ010000007.1
1458	8.721832	15.77342	DADFWQ010000011.1
1459	-42.041393	-7.574124	LK391695.1
1460	19.3817	3.072652	AATOYI010000005.1
1461	23.7777	2.7874541	DADFWQ010000011.1
1462	14.514177	3.8169112	DADFWQ010000025.1
1463	-3.8381662	8.970186	LK391695.1
1464	-3.8892622	52.470695	AATOXX010000022.1
1465	67.99072	-7.775037	DADFWQ010000031.1
1466	-38.413433	-5.0808263	LK391695.1
1467	-49.210323	-12.199192	LK391695.1
1468	17.059795	16.800709	DADFWQ010000009.1
1469	-0.4296958	55.92924	AATOXX010000005.1
1470	-67.64843	10.838673	LK391695.1
1471	66.58633	-7.692828	AATOYI010000012.1
1472	77.72342	0.590677	JACSNU010000002.1
1473	-70.83081	2.5360076	LK391695.1
1474	-6.642739	-8.836595	LK391695.1
1475	-46.99825	-8.654422	LK391695.1
1476	-45.405277	-9.912713	LK391695.1
1477	77.34032	3.1144874	JACSNU010000078.1
1478	26.392843	5.103162	DADFWQ010000021.1
1479	26.618275	5.1876497	DADFWQ010000017.1
1480	59.431118	-5.222511	DADFWQ010000014.1
1481	9.507244	26.372028	AATOXX010000026.1
1482	11.095228	24.60061	DADFWQ010000016.1
1483	-65.79522	-6.8277326	LK391695.1
1484	-4.5746374	1.5576427	LK391695.1
1485	15.761305	7.6879373	DADFWQ010000038.1
1486	-5.2461896	52.763203	AATOXX010000034.1
1487	-30.906412	-13.8647175	LK391695.1
1488	-2.2811599	6.9793925	LK391695.1
1489	11.7736225	-4.528485	DADFWQ010000002.1
1490	-65.64111	10.035192	LK391695.1
1491	23.637379	-0.64318466	DADFWQ010000025.1
1492	10.856197	30.529024	AATOXX010000001.1
1493	-57.86265	-6.693035	LK391695.1
1494	43.667366	-26.783834	DADFWQ010000003.1
1495	-30.231941	-13.897929	LK391695.1
1496	-55.21146	-8.911509	LK391695.1
1497	-3.4337785	9.778449	LK391695.1
1498	63.270836	-14.146914	AATOYI010000065.1
1499	20.760386	-4.407702	DADFWQ010000028.1
1500	-1.6325903	-7.941981	LK391695.1
1501	-62.74894	-7.9741273	LK391695.1
1502	-20.369629	-1.5286024	LK391695.1
1503	45.30629	-19.809305	DADFWQ010000016.1
1504	67.031906	-7.205624	FR891647.1
1505	-72.05007	-3.9359767	LK391695.1
1506	-16.370117	-2.6400516	LK391695.1
1507	-6.3675904	-6.5543513	LK391695.1
1508	3.618292	41.021236	AATOXX010000004.1
1509	-61.04332	5.529918	LK391695.1
1510	54.61775	-2.6267428	DADFWQ010000066.1
1511	48.050556	-29.699303	AATOYI010000314.1
1512	57.952442	-14.744696	AATOYI010000019.1
1513	17.957209	7.671143	DADFWQ010000041.1
1514	77.89611	2.7922177	JACSNU010000046.1
1515	-18.754236	-7.118013	LK391695.1
1516	-17.526241	0.6334861	LK391695.1
1517	75.941414	0.012358804	DADFWQ010000022.1
1518	-59.601875	-11.689022	LK391695.1
1519	-2.2211812	2.4208567	LK391695.1
1520	-30.90453	-13.2697	LK391695.1
1521	15.436153	3.5456448	AATOYI010000009.1
1522	-26.436993	-2.0721233	LK391695.1
1523	18.915525	4.3206105	AATOYI010000100.1
1524	-33.65231	-2.3379388	LK391695.1
1525	-74.57222	-1.7094352	LK391695.1
1526	20.227917	-6.5052233	DADFWQ010000029.1
1527	-54.896244	-8.067389	LK391695.1
1528	58.727814	-8.307867	DADFWQ010000010.1
1529	-26.790049	-3.066161	LK391695.1
1530	-69.75143	-4.8649597	LK391695.1
1531	-15.062297	0.29061458	LK391695.1
1532	54.096962	-1.6528037	DADFWQ010000008.1
1533	35.0874	-7.3791375	DADFWQ010000002.1
1534	37.43147	-27.339783	DADFWQ010000020.1
1535	-24.12173	-12.580454	LK391695.1
1536	-65.89103	10.056041	LK391695.1
1537	18.58292	9.813542	DADFWQ010000002.1
1538	24.23662	-0.74498993	DADFWQ010000036.1
1539	-25.072033	-1.7299416	LK391695.1
1540	-38.40192	-8.745313	LK391695.1
1541	-14.108977	-6.768607	LK391695.1
1542	38.12932	-26.838093	DADFWQ010000041.1
1543	12.047143	25.728338	AATOXX010000027.1
1544	37.214058	-25.10933	DADFWQ010000011.1
1545	-58.45943	-1.213754	LK391695.1
1546	-68.98024	1.4892092	LK391695.1
1547	1.7856661	38.64433	AATOXX010000003.1
1548	0.86913127	-7.69693	LK391695.1
1549	-20.618195	-13.711466	LK391695.1
1550	-64.23532	11.619395	LK391695.1
1551	-52.34607	-8.965193	LK391695.1
1552	-67.62104	9.311173	LK391695.1
1553	-59.282104	-1.5978439	LK391695.1
1554	51.30464	-16.368484	DADFWQ010000022.1
1555	-4.354147	34.66192	AATOXX010000003.1
1556	-28.038702	-10.860227	LK391695.1
1557	-53.26796	9.514547	LK391695.1
1558	16.199724	19.13149	AATOYI010000104.1
1559	7.180136	37.697487	AATOXX010000006.1
1560	62.076424	-11.197516	JACSNU010000147.1
1561	-4.6667557	-2.2515612	LK391695.1
1562	-67.83568	10.102849	LK391695.1
1563	-4.3187723	-11.262436	LK391695.1
1564	-11.3453245	-2.6597102	LK391695.1
1565	-33.708633	-3.4977386	LK391695.1
1566	4.3307934	47.990135	AATOXX010000004.1
1567	-24.331789	-1.247708	LK391695.1
1568	-5.5381536	57.04477	AATOXX010000010.1
1569	20.117746	10.759283	DADFWQ010000012.1
1570	-3.4402177	-12.494708	LK391695.1
1571	-34.620625	-7.7500157	LK391695.1
1572	46.966236	-28.900007	DADFWQ010000001.1
1573	24.877949	2.062799	DADFWQ010000006.1
1574	-12.822741	-4.3116374	LK391695.1
1575	8.868697	30.443138	AATOXX010000001.1
1576	-21.760689	-16.206575	LK391695.1
1577	-2.0745282	7.3569975	LK391695.1
1578	55.611862	-6.6916733	DADFWQ010000015.1
1579	32.994385	-15.191531	DADFWQ010000030.1
1580	77.18485	2.6221616	JACSNU010000010.1
1581	-39.338932	-3.8898885	LK391695.1
1582	63.19529	-8.826251	DADFWQ010000050.1
1583	7.438526	38.336273	AATOXX010000007.1
1584	24.727873	0.91867954	DADFWQ010000011.1
1585	-30.4601	-8.153282	LK391695.1
1586	-29.971058	2.1359177	LK391695.1
1587	-27.13762	-0.5276033	LK391695.1
1588	-23.3376	-15.318011	LK391695.1
1589	33.48467	-7.523742	DADFWQ010000028.1
1590	1.5082611	-13.524577	LK391695.1
1591	28.413221	-0.44459328	DADFWQ010000010.1
1592	1.8659657	-17.407093	LK391695.1
1593	25.28446	-8.418484	DADFWQ010000007.1
1594	-34.953552	-4.747301	LK391695.1
1595	9.809184	39.521477	AATOXX010000022.1
1596	-0.3183159	55.807663	AATOXX010000007.1
1597	77.075035	-0.10874021	FR891506.1
1598	64.69917	-12.62833	FR891690.1
1599	21.68351	-15.397171	DADFWQ010000023.1
1600	-70.40563	-5.8005004	LK391695.1
1601	-7.8283916	-4.928468	LK391695.1
1602	0.6469627	-9.767673	LK391695.1
1603	-51.286522	-10.184441	LK391695.1
1604	36.742115	-14.789232	DADFWQ010000027.1
1605	-18.604078	-2.2862375	LK391695.1
1606	35.307564	-20.055923	DADFWQ010000015.1
1607	4.9981513	49.010147	AATOXX010000016.1
1608	-63.974483	1.597527	LK391695.1
1609	-0.28184462	-14.669864	LK391695.1
1610	-26.248943	1.2566538	LK391695.1
1611	48.324966	-4.0588098	DADFWQ010000006.1
1612	-40.080544	-7.784072	LK391695.1
1613	-5.6814814	-9.594256	LK391695.1
1614	9.631793	21.555647	DADFWQ010000001.1
1615	-74.347984	1.6550739	LK391695.1
1616	45.003357	-5.178592	DADFWQ010000036.1
1617	14.734168	13.802524	DADFWQ010000012.1
1618	-1.7224027	44.57541	AATOXX010000008.1
1619	7.7795596	36.61777	AATOXX010000013.1
1620	3.022402	5.322294	DADFWQ010000003.1
1621	-48.69959	5.0674176	LK391695.1
1622	18.248514	6.446305	DADFWQ010000023.1
1623	-58.972538	-12.284183	LK391695.1
1624	41.11766	-9.285299	DADFWQ010000027.1
1625	-3.4487112	5.3524685	LK391695.1
1626	-1.5281737	8.036565	LK391695.1
1627	-10.554738	1.3222982	LK391695.1
1628	-67.86721	-5.0238757	LK391695.1
